issue_number,repo_url
1,https://github.com/kodu67/ai-auto-free
2,https://github.com/riccardocalligaro/registro_elettronico
3,https://github.com/rayliverified/FlutterGames
4,https://github.com/moffatman/chan
5,https://github.com/zeshuaro/appainter
6,https://github.com/free-explorers/veshell
7,https://github.com/elrizwiraswara/flutter_pos
8,https://github.com/nudin/mplug
9,https://github.com/drinfy/sharpy-sc2
10,https://github.com/ajm4n/adPEAS
11,https://github.com/ajwdewit/pcse
12,https://github.com/kodemore/kink
13,https://github.com/astronomer/astronomer
14,https://github.com/mherrmann/fbs
15,https://github.com/o2sh/provok
16,https://github.com/truehdd/truehdd
17,https://github.com/Tongsuo-Project/RustyVault
18,https://github.com/grandinetech/grandine
19,https://github.com/casper-network/casper-node
20,https://github.com/arkflow-rs/arkflow
21,https://github.com/audiofilter/pumpfun-pumpswap-sniper-copy-trading-bot
22,https://github.com/falcosecurity/falcosidekick-ui
23,https://github.com/sigsep/website
24,https://github.com/elrumo/icon-brew
25,https://github.com/HoshinoSuzumi/chronoframe
26,https://github.com/kiwiirc/kiwiirc
27,https://github.com/jason5ng32/MyIP
28,https://github.com/orthanc-server/orthanc-explorer-2
29,https://github.com/google/libnss-cache
30,https://github.com/DGoldDragon28/Unangband
31,https://github.com/liulab-dfci/trust4
32,https://github.com/stevengj/cubature
33,https://github.com/canboat/canboat
34,https://github.com/udem-dlteam/pnut
35,https://github.com/orx/orx
36,https://github.com/Einsums/Einsums
37,https://github.com/arcan1s/awesome-widgets
38,https://github.com/wohlstand/libadlmidi
39,https://github.com/githubdoe/dftfringe
40,https://github.com/jcash/voronoi
41,https://github.com/alinshans/mytinystl
42,https://github.com/GameDevTecnico/cubos
